[
  {
    "country": "Australia",
    "countryCode": "AU",
    "states": [
      { "name": "New South Wales", "stateCode": "NSW" },
      { "name": "Victoria", "stateCode": "VIC" },
      { "name": "Queensland", "stateCode": "QLD" },
      { "name": "South Australia", "stateCode": "SA" },
      { "name": "Western Australia", "stateCode": "WA" },
      { "name": "Tasmania", "stateCode": "TAS" },
      { "name": "Northern Territory", "stateCode": "NT" },
      { "name": "Australian Capital Territory", "stateCode": "ACT" }
    ]
  },
  {
    "country": "United States of America",
    "countryCode": "USA",
    "states": [
      { "name": "Alabama", "stateCode": "AL" },
      { "name": "Alaska", "stateCode": "AK" },
      { "name": "Arizona", "stateCode": "AZ" },
      { "name": "Arkansas", "stateCode": "AR" },
      { "name": "California", "stateCode": "CA" },
      { "name": "Colorado", "stateCode": "CO" },
      { "name": "Connecticut", "stateCode": "CT" },
      { "name": "Delaware", "stateCode": "DE" },
      { "name": "Florida", "stateCode": "FL" },
      { "name": "Georgia", "stateCode": "GA" },
      { "name": "Hawaii", "stateCode": "HI" },
      { "name": "Idaho", "stateCode": "ID" },
      { "name": "Illinois", "stateCode": "IL" },
      { "name": "Indiana", "stateCode": "IN" },
      { "name": "Iowa", "stateCode": "IA" },
      { "name": "Kansas", "stateCode": "KS" },
      { "name": "Kentucky", "stateCode": "KY" },
      { "name": "Louisiana", "stateCode": "LA" },
      { "name": "Maine", "stateCode": "ME" },
      { "name": "Maryland", "stateCode": "MD" },
      { "name": "Massachusetts", "stateCode": "MA" },
      { "name": "Michigan", "stateCode": "MI" },
      { "name": "Minnesota", "stateCode": "MN" },
      { "name": "Mississippi", "stateCode": "MS" },
      { "name": "Missouri", "stateCode": "MO" },
      { "name": "Montana", "stateCode": "MT" },
      { "name": "Nebraska", "stateCode": "NE" },
      { "name": "Nevada", "stateCode": "NV" },
      { "name": "New Hampshire", "stateCode": "NH" },
      { "name": "New Jersey", "stateCode": "NJ" },
      { "name": "New Mexico", "stateCode": "NM" },
      { "name": "New York", "stateCode": "NY" },
      { "name": "North Carolina", "stateCode": "NC" },
      { "name": "North Dakota", "stateCode": "ND" },
      { "name": "Ohio", "stateCode": "OH" },
      { "name": "Oklahoma", "stateCode": "OK" },
      { "name": "Oregon", "stateCode": "OR" },
      { "name": "Pennsylvania", "stateCode": "PA" },
      { "name": "Rhode Island", "stateCode": "RI" },
      { "name": "South Carolina", "stateCode": "SC" },
      { "name": "South Dakota", "stateCode": "SD" },
      { "name": "Tennessee", "stateCode": "TN" },
      { "name": "Texas", "stateCode": "TX" },
      { "name": "Utah", "stateCode": "UT" },
      { "name": "Vermont", "stateCode": "VT" },
      { "name": "Virginia", "stateCode": "VA" },
      { "name": "Washington", "stateCode": "WA" },
      { "name": "West Virginia", "stateCode": "WV" },
      { "name": "Wisconsin", "stateCode": "WI" },
      { "name": "Wyoming", "stateCode": "WY" }
    ]
  },
  {
    "country": "Canada",
    "countryCode": "CA",
    "states": [
      { "name": "Alberta", "stateCode": "AB" },
      { "name": "British Columbia", "stateCode": "BC" },
      { "name": "Manitoba", "stateCode": "MB" },
      { "name": "New Brunswick", "stateCode": "NB" },
      { "name": "Newfoundland and Labrador", "stateCode": "NL" },
      { "name": "Nova Scotia", "stateCode": "NS" },
      { "name": "Ontario", "stateCode": "ON" },
      { "name": "Prince Edward Island", "stateCode": "PE" },
      { "name": "Quebec", "stateCode": "QC" },
      { "name": "Saskatchewan", "stateCode": "SK" },
      { "name": "Northwest Territories", "stateCode": "NT" },
      { "name": "Nunavut", "stateCode": "NU" },
      { "name": "Yukon", "stateCode": "YT" }
    ]
  }
]
